Date,Open,High,Low,Close,Volume,Dividends,Stock Splits
2019-03-20,44.86801371314748,45.50594755741023,42.10363372134218,42.35880661010742,2350800,0.0,0
2019-03-21,42.52041720942398,42.52892156606954,40.99788103863088,41.66133117675781,1764700,0.0,0
2019-03-22,41.50823204885645,42.48639866645896,40.96386230311926,41.33811569213867,844700,0.0,0
2019-03-25,41.33811035950882,42.01857569859968,40.82776459988988,41.805931091308594,440900,0.0,0
2019-03-26,41.67834643449567,42.316280308493056,40.98087232516782,41.550758361816406,504700,0.0,0
2019-03-27,41.678344336057634,43.19237294914534,41.678344336057634,42.61397933959961,1788600,0.0,0
2019-03-28,43.294435043000036,43.37949157173184,42.45661493172756,43.25190353393555,585400,0.0,0
2019-03-29,42.12064238450298,44.638353647487875,41.83144560127504,43.91536331176758,1769000,0.0,0
2019-04-01,44.48525605237799,46.26296529317466,43.59214925320349,45.505950927734375,19663400,0.0,0
2019-04-02,46.88388851748236,48.81470220505053,46.186414369777516,47.84504318237305,17414200,0.0,0
2019-04-03,48.55101384114259,48.653082334764996,47.215602844712855,48.380897521972656,15066200,0.0,0
2019-04-04,48.65308229956206,51.47700216376352,48.56802251768918,50.78803253173828,13309200,0.0,0
2019-04-05,49.66527415137232,50.16711555630346,47.8620487831025,48.687110900878906,17000800,0.0,0
2019-04-08,48.057687832951636,49.66528076520286,47.86205515680093,48.610565185546875,10764600,0.0,0
2019-04-09,48.31285078605954,48.65308343207294,47.700436565814016,47.86204528808594,9179900,0.0,0
2019-04-10,47.6238872785848,47.98112865839273,46.86686975740762,47.38572311401367,9081900,0.0,0
2019-04-11,47.37721735015582,47.81101090485124,46.63721505346406,46.68824768066406,7346100,0.0,0
2019-04-12,47.572852241795395,49.61424178850982,47.572852241795395,49.588722229003906,9281700,0.0,0
2019-04-15,49.81837724823436,50.0565381648937,48.72963792099263,49.146419525146484,5727300,0.0,0
2019-04-16,49.93745934692635,50.17562351610813,49.19745701392759,49.75883865356445,6681600,0.0,0
2019-04-17,50.14159726393233,50.22665380594242,49.5036634647594,49.60573196411133,6420700,0.0,0
2019-04-18,49.639761824889035,49.85240645008496,48.95079207116242,49.13792037963867,5178800,0.0,0
2019-04-22,48.89124559396873,49.68228375828543,48.70411730938227,49.23998260498047,4401700,0.0,0
2019-04-23,48.72963878420498,49.19745626937253,48.48297026203873,49.027339935302734,5687200,0.0,0
2019-04-24,48.899750640962864,49.23998003325151,47.51756082583667,47.61537551879883,5431300,0.0,0
2019-04-25,47.42825338113965,47.61538168016685,46.62871079886772,47.06250762939453,6260500,0.0,0
2019-04-26,47.03698933466624,47.29216222994122,46.73928816429533,46.99446105957031,4009800,0.0,0
2019-04-29,46.82435034733525,47.364469564596654,46.6117057015756,47.20711135864258,5935200,0.0,0
2019-04-30,47.42825283895323,48.6573416815957,47.292160417043576,48.25331497192383,6454100,0.0,0
2019-05-01,48.329867477879105,48.89124912751247,47.530324899522284,47.74296951293945,7644400,0.0,0
2019-05-02,47.24112817159076,48.04917835281762,44.25559597737246,44.82548522949219,13932700,0.0,0
2019-05-03,45.25077794898589,45.37836278026779,43.99192212774705,45.33583450317383,7401700,0.0,0
2019-05-06,44.3576681188183,45.956753292191145,43.97490716173994,45.471923828125,6089500,0.0,0
2019-05-07,44.961579519946184,45.357098647754775,44.782958815697,45.03813171386719,7330800,0.0,0
2019-05-08,45.36134886158475,45.4166352909948,44.493758480654904,44.63835525512695,5390700,0.0,0
2019-05-09,44.45123267481745,45.199742691832896,43.847322695551384,45.021121978759766,4579700,0.0,0
2019-05-10,45.02962545304669,45.68797498931475,44.64686771674148,45.140201568603516,4758100,0.0,0
2019-05-13,44.46823889783995,44.69789546131936,43.175359306048,43.336971282958984,4213100,0.0,0
2019-05-14,43.66019201537702,45.080656424504866,43.243407160388486,44.63835525512695,4204500,0.0,0
2019-05-15,44.21306953990747,45.357098647754775,43.949389039801936,45.03813171386719,2928700,0.0,0
2019-05-16,45.327324888097145,45.54847385015434,44.850999803675045,45.06364440917969,3689700,0.0,0
2019-05-17,44.51927651925205,44.67238090091633,43.0903044535183,43.20938491821289,4440800,0.0,0
2019-05-20,42.869150605186036,42.98823105633228,42.46087013740043,42.59696578979492,5168400,0.0,0
2019-05-21,42.76708061889478,43.54110682777131,42.5459316640868,43.06478500366211,4968400,0.0,0
2019-05-22,42.92018319437716,43.04777124604123,42.499147815404015,42.70753860473633,3019100,0.0,0
2019-05-23,42.10363270236417,42.409841459351426,41.00638573805959,41.43167495727539,4919200,0.0,0
2019-05-24,42.01006989147467,42.167428075682366,41.20201970031785,41.84846115112305,2918900,0.0,0
2019-05-28,41.99305114693915,42.04408701471328,40.91281628096141,41.30408477783203,6613000,0.0,0
2019-05-29,40.99788138134294,42.0440924712499,40.83626940143342,41.43167495727539,3525900,0.0,0
2019-05-30,41.52659880813181,41.93220048237745,41.44030212050865,41.828643798828125,3777600,0.7,0
2019-05-31,41.388523993173415,41.423043986577426,40.344318882760305,40.35294723510742,3396900,0.0,0
2019-06-03,40.430618429934626,41.388526916503906,40.430618429934626,41.388526916503906,5905200,0.0,0
2019-06-04,42.009874946010385,43.088600158691406,41.97535494912265,43.088600158691406,7043000,0.0,0
2019-06-05,43.57186929900468,43.640905999282545,42.32917577392286,43.442420959472656,6413300,0.0,0
2019-06-06,43.390635985294665,44.27950767791514,43.27845094871766,44.06376266479492,6228100,0.0,0
2019-06-07,44.1241690013416,44.607435701899874,43.899792354361686,44.2708740234375,5391100,0.0,0
2019-06-10,44.63333138694473,44.96126145147737,44.51251470085295,44.54703140258789,5434400,0.0,0
2019-06-11,44.87496486945364,45.021669905209265,44.495254813373386,44.90948486328125,5144300,0.0,0
2019-06-12,44.92673938650568,45.42726606799265,44.598806069113074,45.297821044921875,3103900,0.0,0
2019-06-13,45.4617950942584,45.69480013251012,44.9094883185542,45.63439178466797,4179800,0.0,0
2019-06-14,45.41864387699727,45.470420576445406,44.01198538318428,44.14143371582031,3919300,0.0,0
2019-06-17,43.20078446656028,43.43378948577197,42.32917273261938,42.58806610107422,5787300,0.0,0
2019-06-18,42.93325946538568,43.64090287562538,42.63121775077402,42.812442779541016,5014200,0.0,0
2019-06-19,43.10585986036381,43.35612489806474,41.70783291611648,41.85453796386719,5404000,0.0,0
2019-06-20,42.36801278887958,42.79518705418405,41.95809523012583,42.22562026977539,4228300,0.0,0
2019-06-21,42.130688934735744,42.51903064473796,41.69057052473848,41.73371887207031,9478500,0.0,0
2019-06-24,41.863164480069806,42.89011293729457,41.699199441188846,42.786556243896484,4602300,0.0,0
2019-06-25,42.70889157882742,43.34145424871794,42.329178183654605,42.88148498535156,4005200,0.0,0
2019-06-26,43.019552091415356,44.20183707287958,42.98503539301348,43.5373420715332,5244400,0.0,0
2019-06-27,43.67542516037434,44.132803578495434,43.607247675494335,43.93431854248047,4097200,0.0,0
2019-06-28,44.04650592638479,44.18458261331357,42.355065688505206,42.553550720214844,6507400,0.0,0
2019-07-01,43.1490021821194,43.3215988492494,42.73477215621197,43.287078857421875,4641700,0.0,0
2019-07-02,43.149004696092966,43.20078468685109,42.078907931146425,42.63121795654297,4725800,0.0,0
2019-07-03,42.68299727418935,42.846965608980085,42.458623884486244,42.5708122253418,2479400,0.0,0
2019-07-05,42.29465405171646,42.6053274203082,42.2515057043027,42.553550720214844,2529800,0.0,0
2019-07-08,42.579442965745635,42.7175196653067,41.755295299109626,41.87179946899414,5936000,0.0,0
2019-07-09,41.68194141541513,41.79412975890816,40.99155794008893,41.31085968017578,4967400,0.0,0
2019-07-10,41.716457356889535,41.78549405170699,41.00881395196981,41.03470230102539,3507400,0.0,0
2019-07-11,41.19003647131854,41.47482146162042,40.715398112822974,41.233184814453125,4202000,0.0,0
2019-07-12,41.82001004546969,43.18352002679239,41.49208001543627,42.89873504638672,4328400,0.0,0
2019-07-15,42.950519460512766,43.968836229745534,42.85559112392208,43.951576232910156,4923800,0.0,0
2019-07-16,43.96883368475574,45.4315845888077,43.96883368475574,45.15111541748047,6011200,0.0,0
2019-07-17,45.01304377356437,45.13386046591392,44.210471983518964,44.5297737121582,4417500,0.0,0
2019-07-18,44.48662496507106,44.918115029314244,44.25361993533878,44.65922164916992,3620300,0.0,0
2019-07-19,44.67648034688927,44.72826033821474,44.44347532393643,44.46073532104492,3221500,0.0,0
2019-07-22,44.44693210740016,44.50388713949409,43.66679532047521,43.90843200683594,2814900,0.0,0
2019-07-23,44.011984471238506,45.65164795461717,43.968836125256495,45.410011291503906,4387700,0.0,0
2019-07-24,45.30645571200865,45.72931741380419,44.909485652042456,45.55672073364258,3516400,0.0,0
2019-07-25,44.56429120527377,44.866336211194906,43.407897755993275,43.813499450683594,4254600,0.0,0
2019-07-26,43.38201156229324,43.40789991276989,42.21698641072503,42.38095474243164,5066000,0.0,0
2019-07-29,41.87179201110627,42.18246535278593,41.40578199858679,41.466190338134766,4219800,0.0,0
2019-07-30,41.233188036523664,41.80275476962731,41.233188036523664,41.76823806762695,4194300,0.0,0
2019-07-31,41.8459127229068,42.65711295246638,41.37990260949652,41.80276107788086,5188500,0.0,0
2019-08-01,41.5524911824101,41.94082957558533,40.370206130630166,40.43061447143555,5803200,0.0,0
2019-08-02,40.292535082527195,40.99155006882349,39.153401743975216,39.35188674926758,5346400,0.0,0
2019-08-05,38.885881301041124,38.946289639724775,38.03152962364614,38.635616302490234,5147300,0.0,0
2019-08-06,38.92903563584498,39.22244902261513,37.74243791305524,38.34220886230469,4702800,0.0,0
2019-08-07,38.057418860081974,38.834102221311255,37.89345383582585,38.739173889160156,4490100,0.0,0
2019-08-08,39.004108355547366,40.40472593367082,38.99806752149515,40.37883758544922,4573400,0.0,0
2019-08-09,40.05952918425796,40.55143080264452,39.78337585337868,40.249385833740234,4468000,0.0,0
2019-08-12,40.03364837450979,40.387470102055694,39.282856570596856,39.429561614990234,4491600,0.0,0
2019-08-13,39.507226071116,41.21592619391313,39.334632692819305,40.43061447143555,5407300,0.0,0
2019-08-14,39.524484539223685,39.82652952358037,37.971121150556954,38.0401611328125,6178300,0.0,0
2019-08-15,38.26453721184708,38.29042556102987,37.07362376932193,37.43607711791992,3494600,0.0,0
2019-08-16,37.35841364798625,38.670143947023874,36.90966354894641,38.41124725341797,4586000,0.0,0
2019-08-19,39.14477339244401,39.5788509110256,38.963548382221525,39.35188674926758,3615500,0.0,0
2019-08-20,39.04984811035045,39.04984811035045,37.168551297143125,37.246219635009766,5972800,0.0,0
2019-08-21,37.84167947429165,38.17824450887214,37.31526433119608,37.34978103637695,4397800,0.0,0
2019-08-22,37.38430393992777,37.88483406205641,36.26243028013289,36.2883186340332,6072100,0.0,0
2019-08-23,36.2451610690598,36.26242106460978,34.898911044229145,35.13191604614258,6696800,0.0,0
2019-08-26,35.61519417549572,35.684230881447306,35.045627360359966,35.22685241699219,3402400,0.0,0
2019-08-27,35.54615633232337,36.01216647077688,35.31228875687107,35.52889633178711,4152200,0.0,0
2019-08-28,35.51163443874621,36.797473016891104,35.175069415438635,36.69391632080078,4539300,0.0,0
2019-08-29,37.14140776600366,37.72928100292418,37.03611433933119,37.1765022277832,3292500,0.7,0
2019-08-30,37.58011825599022,37.72927891485423,37.088759000046075,37.404632568359375,4099200,0.0,0
2019-09-03,36.97468569146109,37.053654068355236,36.10603689273595,36.676361083984375,3343300,0.0,0
2019-09-04,37.36953510579791,37.54502079504598,36.72023905971339,37.32566452026367,2651400,0.0,0
2019-09-05,37.86088850316232,38.58037670526001,37.808241800407394,38.04514694213867,4041400,0.0,0
2019-09-06,38.20308430662064,38.3083743666827,37.430949389573975,37.939857482910156,3217900,0.0,0
2019-09-09,38.194308413377485,39.15684372619246,37.957403266472596,39.00154113769531,3848000,0.0,0
2019-09-10,39.57187048172642,40.6862007550455,39.291094718839375,40.642330169677734,4704000,0.0,0
2019-09-11,40.8178087360668,41.28284288462254,39.9930304948884,41.13368225097656,4445000,0.0,0
2019-09-12,41.30039145379416,41.40568150888254,39.984254050302674,41.212650299072266,3649700,0.0,0
2019-09-13,41.800529944803046,42.502469333824855,41.45833470184936,42.29188919067383,4027600,0.0,0
2019-09-16,42.721825866190706,43.85370502073548,42.36208171789869,43.002601623535156,5040600,0.0,0
2019-09-17,42.704274839093465,43.072795094224304,41.77420644431307,42.11640167236328,3741900,0.0,0
2019-09-18,42.02866098136121,42.02866098136121,41.25652600480868,41.68646240234375,2588200,0.0,0
2019-09-19,42.221689255577736,42.476143304019445,41.66891392606592,41.8005256652832,2418300,0.0,0
2019-09-20,41.65136654281845,42.86221065388045,41.30039519789245,42.3006591796875,10570400,0.0,0
2019-09-23,41.58117220081842,42.30504852982055,41.34426703784804,42.03743362426758,3599400,0.0,0
2019-09-24,41.92336608699955,42.11640066110507,40.31768005229254,40.888004302978516,4515300,0.0,0
2019-09-25,40.84413349751213,42.09007875072825,40.475616600363495,41.83562469482422,4396200,0.0,0
2019-09-26,41.68646623306784,41.84440302340132,41.18106917342294,41.44078826904297,2994200,0.0,0
2019-09-27,41.58994783258888,42.011111446062095,41.24774925872544,41.30039596557617,3722300,0.0,0
2019-09-30,41.46710849990617,41.932146076100345,41.335496743977,41.80930709838867,2512200,0.0,0
2019-10-01,42.06375292507012,42.61653160739918,40.27380848461767,40.335227966308594,3838400,0.0,0
2019-10-02,39.19457043071376,39.63328290035029,38.922570841689854,39.42270278930664,4759500,0.0,0
2019-10-03,39.35250837575225,39.82631866057233,38.93134479383794,39.756126403808594,3422400,0.0,0
2019-10-04,39.642067557715926,40.168521295763156,39.49290354543209,39.78245544433594,3512300,0.0,0
2019-10-07,39.55432048592819,40.159742529121104,39.27792946962061,39.63328552246094,2977900,0.0,0
2019-10-08,39.264770077704995,39.527996917183636,38.45754065702238,38.4750862121582,2985900,0.0,0
2019-10-09,38.9489010023634,39.08051611076602,38.60670573705007,38.615478515625,2844600,0.0,0
2019-10-10,38.896251454178106,39.7385786421565,38.62424850203248,39.4139289855957,4325000,0.0,0
2019-10-11,40.14219512390562,41.87072350414162,39.92546969553614,41.35304260253906,3675700,0.0,0
2019-10-14,40.99329445844998,41.47587750827137,40.57213088694528,41.08103561401367,3196500,0.0,0
2019-10-15,41.0810405869108,42.20414358020928,40.82658651901944,41.41446304321289,3216800,0.0,0
2019-10-16,41.66891464343279,42.04620431337292,41.24774769877681,41.34426498413086,3626900,0.0,0
2019-10-17,41.625038317169796,42.59020776798129,41.36181150226141,41.94968795776367,2724400,0.0,0
2019-10-18,42.037435872499685,42.283994116515615,41.554852743059215,42.08130645751953,2757600,0.0,0
2019-10-21,42.63408080275178,42.967503239308286,41.31794330525639,41.34426498413086,3967000,0.0,0
2019-10-22,41.309167973856134,41.575902559498395,40.379096328172515,41.08103561401367,4645400,0.0,0
2019-10-23,41.04594629320926,41.68646623306784,40.84413891603008,41.44078826904297,4152000,0.0,0
2019-10-24,42.68672743803537,43.862477067765965,41.976011985586396,43.40621566772461,6098900,0.0,0
2019-10-25,43.67821742145559,44.53809355902849,42.906085796151906,44.292415618896484,5361100,0.0,0
2019-10-28,44.52932288787114,45.134744989169896,44.24854712954901,44.93293762207031,4504100,0.0,0
2019-10-29,44.713570484448326,45.301446886695956,44.19588967827633,45.17860794067383,3462100,0.0,0
2019-10-30,44.9241655325237,45.1610707098223,44.16080663708008,44.775001525878906,3602100,0.0,0
2019-10-31,44.64338847891457,44.775000231089365,43.61679940697391,44.30119323730469,3744000,0.0,0
2019-11-01,44.73112497922392,46.05603857045808,44.66093272147764,45.898101806640625,3207100,0.0,0
2019-11-04,46.19643009336715,47.74069670436028,46.02971719217799,47.530113220214844,5430200,0.0,0
2019-11-05,47.38972554416036,48.25837781760609,47.07385533729105,47.55643844604492,6044500,0.0,0
2019-11-06,47.52133881083028,48.030246927560434,47.214241393569544,47.62662887573242,3847000,0.0,0
2019-11-07,48.20572964763521,49.0831546722547,47.74946823317977,48.9603157043457,5974300,0.0,0
2019-11-08,48.69709345830878,49.12703323364258,48.2759298084308,49.12703323364258,4812000,0.0,0
2019-11-11,48.74096473193742,49.35516298517517,48.451416182922216,48.96909713745117,3184900,0.0,0
2019-11-12,49.135806611722394,49.232323910247494,47.84599061708909,48.39876937866211,2742700,0.0,0
2019-11-13,47.54766053134443,47.802114589929275,46.907140669711104,47.08262634277344,3426000,0.0,0
2019-11-14,46.766754290338234,47.503791462988126,46.63514254168239,47.33708190917969,2595500,0.0,0
2019-11-15,47.61785530826066,48.51282921285737,47.503789120694506,48.135536193847656,3865000,0.0,0
2019-11-18,48.03901709534959,48.17940495662966,47.48623842719843,47.66172409057617,3439900,0.0,0
2019-11-19,48.09166749175257,48.09166749175257,46.3192685150341,46.84572219848633,5208300,0.0,0
2019-11-20,46.626364827734164,46.89836778773007,45.71384200753252,46.21397399902344,5394100,0.0,0
2019-11-21,46.249072444755825,47.310755925838436,45.93319889898659,47.27566146850586,4618400,0.0,0
2019-11-22,47.36340386369899,47.96005316630372,47.02998140704083,47.55643844604492,3115600,0.0,0
2019-11-25,48.100445917737744,48.46019009133337,47.696831156554616,48.433868408203125,5073700,0.0,0
2019-11-26,48.47773681109904,48.91644936142573,48.1004437500492,48.58302688598633,4643800,0.0,0
2019-11-27,48.59190776605163,48.78741396512187,47.89875435475512,48.23644256591797,3926000,0.7,0
2019-11-29,47.9965065300359,48.23644504395731,47.20559997857321,47.427764892578125,1887600,0.0,0
2019-12-02,47.09896448478086,47.765459265225864,47.00121137458741,47.24114990234375,3349500,0.0,0
2019-12-03,46.1747543677929,46.21918667207556,45.3660742259655,46.05034255981445,3950100,0.0,0
2019-12-04,47.53441017701253,47.53441017701253,46.396923423949836,46.459129333496094,3791400,0.0,0
2019-12-05,46.68128896146215,46.78793055711307,45.92592963708907,46.21030044555664,2692600,0.0,0
2019-12-06,46.73461516369931,47.7654603110935,46.73461516369931,47.294471740722656,2818800,0.0,0
2019-12-09,47.952075478060884,47.96984907844175,47.09007789437855,47.33890151977539,2377200,0.0,0
2019-12-10,47.41888029944894,47.44553900462766,46.82347656070577,47.2144889831543,2609700,0.0,0
2019-12-11,47.54328945162181,48.04982516149777,47.14339194646515,47.18782424926758,3253300,0.0,0
2019-12-12,47.32112755163485,48.503046543019764,46.93900362133504,48.38751983642578,2882300,0.0,0
2019-12-13,48.556359726558576,48.71631872484988,47.321123431950326,47.347782135009766,3198600,0.0,0
2019-12-16,47.64104372093841,48.4674974552219,47.552175723185215,48.13869094848633,4040000,0.0,0
2019-12-17,48.076484217708675,48.64522922363927,47.92541370907921,48.574134826660156,2665300,0.0,0
2019-12-18,48.3075385642032,48.60079448256794,47.5788379307302,48.20978546142578,3659100,0.0,0
2019-12-19,48.3697465980295,48.76075563639195,48.040943465998176,48.44972610473633,3356000,0.0,0
2019-12-20,48.92071023599429,49.09844283374793,48.005391934018945,48.529701232910156,10476700,0.0,0
2019-12-23,48.423066439358486,48.92071368014357,48.18312792399385,48.8140754699707,2678600,0.0,0
2019-12-24,48.87627915689773,49.098444062156354,48.56524964552263,48.78741455078125,926200,0.0,0
2019-12-26,48.85850517418464,49.08067007769947,48.44972256530954,49.07178497314453,1909600,0.0,0
2019-12-27,49.133994738184384,49.365044764420894,48.62745898954064,48.72521209716797,1688500,0.0,0
2019-12-30,48.75187166965051,48.92071579221107,48.200903605008115,48.28976821899414,1943300,0.0,0
2019-12-31,48.005389806677194,48.68076958025101,47.92541031073068,48.63633728027344,2145700,0.0,0
2020-01-02,49.080665215649,49.356150889105365,47.667696433668134,47.76544952392578,5145200,0.0,0
2020-01-03,47.196711529509216,47.63215283172413,46.57464913637773,46.583534240722656,5004300,0.0,0
2020-01-06,46.494672353830204,46.992322975403816,46.210301538635996,46.39691925048828,4293100,0.0,0
2020-01-07,46.46801457617829,47.15672378079029,46.20141735536179,46.379146575927734,5122800,0.0,0
2020-01-08,46.57465322431187,47.25003308272673,46.13920849390993,46.85902404785156,3629700,0.0,0
2020-01-09,46.8767972074281,47.16116802829471,46.04145834487838,46.379146575927734,2667800,0.0,0
2020-01-10,46.974549808135954,46.98343491308178,45.677107528122754,45.76597213745117,3277300,0.0,0
2020-01-13,45.765968680277936,46.565763663687186,45.73930997748673,46.52132797241211,2665500,0.0,0
2020-01-14,46.37914447658004,47.07230128728836,46.16586806556781,46.423580169677734,3689800,0.0,0
2020-01-15,46.379146688494195,46.78793271070374,45.943705351096156,46.45024108886719,2235400,0.0,0
2020-01-16,46.72572407437373,46.98343278574451,46.361370378708955,46.63685607910156,3765600,0.0,0
2020-01-17,46.68128470848124,47.41887375634726,46.58797586326334,47.401100158691406,3897500,0.0,0
2020-01-21,47.081191397493356,47.23226531215901,46.38803790305795,46.743499755859375,4156000,0.0,0
2020-01-22,46.85901531580115,46.92122120998558,45.03904035031396,45.20610809326172,5149600,0.0,0
2020-01-23,44.628488847696275,45.09947737888317,43.67762329041279,44.655147552490234,5797600,0.0,0
2020-01-24,44.326342742749915,44.672919451748236,42.69120890827094,43.09110641479492,5919300,0.0,0
2020-01-27,42.04248668807352,42.28242518568074,41.44708299624064,41.92695999145508,4827000,0.0,0
2020-01-28,42.12247095023709,42.40684178178566,41.78477931653526,41.9091911315918,5813800,0.0,0
2020-01-29,43.5265545336018,44.38855558352396,43.18886287642075,44.13972854614258,6828000,0.0,0
2020-01-30,42.93114833374784,43.52654866404536,42.3535182130396,43.073333740234375,5644800,0.0,0
2020-01-31,42.38906405595554,42.535693705131855,40.80724764568814,40.940547943115234,7532200,0.0,0
2020-02-03,41.15383338073367,41.74034866784772,40.63840910934699,41.53595733642578,6364900,0.0,0
2020-02-04,42.34463051620015,42.99335160545771,42.15800942726164,42.70009231567383,5287000,0.0,0
2020-02-05,43.4376817978268,44.20192958919512,43.11776380237334,44.086402893066406,5403200,0.0,0
2020-02-06,44.08641152562145,44.130843835919755,43.153319449485075,43.72206115722656,5985200,0.0,0
2020-02-07,43.13554179216258,43.13554179216258,42.166902602862976,42.68232345581055,3802100,0.0,0
2020-02-10,42.477928151105,43.29549674490832,42.477928151105,42.82450485229492,2488300,0.0,0
2020-02-11,43.13554305024172,44.44187051613646,43.099995848320944,43.35770797729492,3705400,0.0,0
2020-02-12,44.15750139362161,44.76179028984473,43.53544228571653,43.88201904296875,2964200,0.0,0
2020-02-13,43.455458106757355,43.53543761060901,42.67343666798203,42.92226028442383,3302600,0.0,0
2020-02-14,43.10887735455745,43.491001268381964,42.99335404291188,43.215518951416016,3207000,0.0,0
2020-02-18,42.82451194107576,43.11777128445216,41.97051122688305,42.424617767333984,3594300,0.0,0
2020-02-19,42.49570225910342,42.9133733603974,42.131351954772725,42.264652252197266,5644900,0.0,0
2020-02-20,42.229103452991545,43.37547511947914,42.15800905973622,43.33103942871094,4154200,0.0,0
2020-02-21,43.17108729083315,43.33993140342329,42.726757467205644,42.92226028442383,3972800,0.0,0
2020-02-24,41.4204206565403,41.80254452029468,40.700605226916856,41.091617584228516,5075900,0.0,0
2020-02-25,41.32267239024587,41.35377534139251,38.72778792324705,39.05659103393555,5529300,0.0,0
2020-02-26,39.50091873519335,39.883042623142046,38.230135273404386,38.25679397583008,6470700,0.0,0
2020-02-27,37.3353789681567,37.45281174110984,35.68225027597478,35.7274169921875,10009300,0.7,0
2020-02-28,34.43563464005628,36.57657249325663,34.372400537657974,36.504302978515625,10280000,0.0,0
2020-03-02,37.08244530639916,37.416683197021484,35.935192605073766,37.416683197021484,7706700,0.0,0
2020-03-03,37.35344731096093,38.61271563238495,35.89905957948552,36.63980484008789,6765300,0.0,0
2020-03-04,37.44378603670293,37.9135275450529,36.323632678945295,37.85932540893555,4967000,0.0,0
2020-03-05,36.16102813783939,36.70303913734884,35.826790261375216,36.22426223754883,5447400,0.0,0
2020-03-06,34.97764651149664,35.85389199999627,34.60727385446065,35.20348358154297,6928400,0.0,0
2020-03-09,31.391350586476893,31.56298550739692,27.488886559032284,27.579221725463867,15081500,0.0,0
2020-03-10,29.36784862118936,30.108597319429688,26.48165310559412,28.36513328552246,12975400,0.0,0
2020-03-11,27.272082361326273,27.39855055667196,25.158247457120133,25.28471565246582,12444100,0.0,0
2020-03-12,22.99021008819815,23.839356071019772,20.225963631098637,21.38224983215332,18163300,0.0,0
2020-03-13,25.23051577431653,25.302783562177442,20.397602507492923,23.207015991210938,17350800,0.0,0
2020-03-16,20.867346440638855,22.972147947639645,19.828496222016177,19.8736629486084,12345400,0.0,0
2020-03-17,23.188948176202764,24.932410463844413,20.54213769583487,24.029062271118164,19873300,0.0,0
2020-03-18,22.439169722699518,25.555721743129997,22.14106488167573,23.8845272064209,16955900,0.0,0
2020-03-19,23.739992132171867,28.31996738789566,23.423819906705724,25.40215301513672,13893400,0.0,0
2020-03-20,25.82672427079748,26.820407600575958,24.020027934109304,24.787874221801758,12649100,0.0,0
2020-03-23,24.516872338348488,25.68219247370558,23.496089516314882,24.010997772216797,11703100,0.0,0
2020-03-24,25.889961315226053,27.06431337860752,24.30006815112493,25.718324661254883,12333600,0.0,0
2020-03-25,26.35969930258684,29.291063085558626,25.83575744430992,27.443716049194336,10539200,0.0,0
2020-03-26,27.353385871025676,28.27479978465529,26.151932756871314,26.811376571655273,14298600,0.0,0
2020-03-27,25.293750861929926,26.433775561518893,24.318134826175488,25.799625396728516,9101400,0.0,0
2020-03-30,25.573787599873047,26.549403607565484,25.122113490330253,25.88092613220215,6817000,0.0,0
2020-03-31,25.790591515810483,27.172714940772316,25.700258070375092,26.413902282714844,7599900,0.0,0
2020-04-01,25.149214442841398,25.537654450962147,24.336201393960746,24.426536560058594,10339900,0.0,0
2020-04-02,24.48976996904298,26.955910112892035,24.322649313423224,25.320850372314453,10680300,0.0,0
2020-04-03,25.095012429543722,25.80865657783571,24.769806541562634,25.266647338867188,8005100,0.0,0
2020-04-06,26.675874881666473,27.985728831916894,26.648773813440574,27.5882568359375,8021100,0.0,0
2020-04-07,29.593688285763786,31.680424063644658,28.735508449237127,29.205251693725586,15028000,0.0,0
2020-04-08,29.78339649679406,31.56299042061488,29.23235344648387,31.427490234375,7220700,0.0,0
2020-04-09,32.29469591719937,34.092360227151865,32.104993635355044,33.02640914916992,9892300,0.0,0
2020-04-13,32.94510623699059,33.33354619481303,31.2287434723798,31.824953079223633,7170600,0.0,0
2020-04-14,32.85477573295957,33.55035431687653,31.698491045928883,31.951427459716797,7348800,0.0,0
2020-04-15,30.57833515022074,30.57833515022074,28.789707853161097,29.114912033081055,7586700,0.0,0
2020-04-16,29.530451284699144,29.530451284699144,27.687621860942734,28.57290267944336,6918500,0.0,0
2020-04-17,29.846627675661615,30.7680433248231,29.44915223131734,30.189897537231445,6544100,0.0,0
2020-04-20,29.069744713351213,29.65692240885762,28.45546767515984,28.482568740844727,7140700,0.0,0
2020-04-21,27.461786622464192,28.148331503400804,26.757176085897715,27.89539337158203,7315100,0.0,0
2020-04-22,28.72647281848241,28.929728236372615,27.89539238393135,28.76260757446289,5331100,0.0,0
2020-04-23,28.99747638159956,30.108597720771108,28.916174904245544,29.41301918029785,7724700,0.0,0
2020-04-24,29.846625841480442,30.126661582604527,29.123947958902217,29.91889190673828,4979100,0.0,0
2020-04-27,30.090533657236293,31.386836285717724,29.63885949907544,31.11131477355957,4885900,0.0,0
2020-04-28,32.050793812429845,32.692170209189875,31.35521528295773,32.403099060058594,5868600,0.0,0
2020-04-29,33.42388635684308,34.408536119790085,33.3335529072517,33.84846115112305,6887300,0.0,0
2020-04-30,33.66778822069073,33.740054285614704,32.56570230110066,33.14384460449219,10990200,0.0,0
2020-05-01,31.373278203511223,31.69848406158381,30.298295235770787,30.65060043334961,8709300,0.0,0
2020-05-04,28.99747950224796,29.936962575888476,28.690342660634897,29.864696502685547,6248300,0.0,0
2020-05-05,30.37959824052064,31.210676856841946,30.018257614120316,30.144725799560547,5041600,0.0,0
2020-05-06,29.548519075749688,30.149246461498176,28.798740131544786,28.871007919311523,4601500,0.0,0
2020-05-07,29.385914748073724,30.533167332835873,29.3678473712271,29.674985885620117,5056200,0.0,0
2020-05-08,30.51510332864007,31.04807894352278,30.144730677348708,31.011947631835938,4175700,0.0,0
2020-05-11,30.894512251558197,30.930647010250137,29.8827631301856,30.62350845336914,4321000,0.0,0
2020-05-12,30.93967492209731,31.98755866483054,30.488000835643334,30.52413558959961,5675400,0.0,0
2020-05-13,30.262166143221783,30.3190768344239,28.71744147459287,29.22331428527832,5865200,0.0,0
2020-05-14,28.175430560834233,30.30733112003783,27.913458758393997,30.271196365356445,6187900,0.0,0
2020-05-15,30.000192264720898,30.695770777628287,29.656922437052188,30.31636619567871,4829200,0.0,0
2020-05-18,32.412138155674434,34.33626756464317,32.25856715186924,33.18901824951172,8544900,0.0,0
2020-05-19,33.08964787097213,33.13481459496633,32.14113288309335,32.19533157348633,4415500,0.0,0
2020-05-20,32.82767538247934,33.4238850867269,32.303731745958714,32.68313980102539,5656200,0.0,0
2020-05-21,32.52053600011416,33.20707913276547,32.21339746671753,32.357933044433594,3941800,0.0,0
2020-05-22,32.231464791020684,32.683138901381405,31.951425602037048,32.628936767578125,3040600,0.0,0
2020-05-26,34.65243828545151,35.18541387332055,34.25496286304071,35.04087829589844,6188600,0.0,0
2020-05-27,36.08876497826866,36.73465914531227,35.25768275716346,35.97132873535156,6895200,0.0,0
2020-05-28,36.38510728577177,36.495447797383555,35.26330097679012,35.59432601928711,5266800,0.7,0
2020-05-29,35.070200665051175,35.851788271544514,34.68400715955616,35.4931755065918,5254200,0.0,0
2020-06-01,35.50237274169922,35.8701755806971,35.10698214672207,35.50237274169922,3014400,0.0,0
2020-06-02,36.04488762582071,37.9114967190911,35.94374069822568,37.33220291137695,6083400,0.0,0
2020-06-03,38.15056951998247,38.895372289807014,38.12298176385694,38.279300689697266,5160600,0.0,0
2020-06-04,38.15976405324321,39.31834811727187,37.99425154300177,39.27237319946289,3901500,0.0,0
2020-06-05,41.11139882494568,42.04930189986013,40.308666992069554,40.43096160888672,7656600,0.0,0
2020-06-08,40.53211121784409,42.23320787825963,40.53211121784409,42.205623626708984,5727300,0.0,0
2020-06-09,40.89071659164609,41.21254452103529,40.384062970100196,40.83554458618164,5535400,0.0,0
2020-06-10,40.81716007166018,40.91830700976415,39.90684464404822,40.072357177734375,4267700,0.0,0
2020-06-11,37.9068937159787,38.65629849628557,35.81500530763848,36.10005187988281,9225100,0.0,0
2020-06-12,38.45401539471197,38.54137021130912,36.76671067069192,37.911502838134766,5034900,0.0,0
2020-06-15,36.302350361307106,39.03330340430624,36.12764426214472,38.601131439208984,5665300,0.0,0
2020-06-16,40.60566814048126,40.91830250215248,38.104593247111495,38.84939956665039,5592400,0.0,0
2020-06-17,39.26317562130033,39.35144941879616,37.727588267667585,37.856319427490234,3525100,0.0,0
2020-06-18,37.378175445729546,38.610322036642906,37.1299067101357,38.23332214355469,4106800,0.0,0
2020-06-19,39.19880913612658,39.53902769460955,38.13217504095053,38.29768753051758,7494400,0.0,0
2020-06-22,38.12298154210206,38.739056646289505,37.39656593703824,38.38044738769531,3316000,0.0,0
2020-06-23,39.0608892126427,39.0608892126427,38.00345197923133,38.0218391418457,3603900,0.0,0
2020-06-24,37.3322048302795,37.44254885205211,35.23571752386364,35.355255126953125,7707200,0.0,0
2020-06-25,34.94147359333514,36.80808277073788,34.64722988579367,36.762107849121094,5986900,0.0,0
2020-06-26,36.37591852638202,36.780502794361645,35.61272140972121,36.59659957885742,8333800,0.0,0
2020-06-29,37.11152478785838,37.8793168778639,36.95520584002569,37.68162155151367,7756700,0.0,0
2020-06-30,37.32301271336574,37.65403777634826,36.559815650638065,37.47932815551758,4835300,0.0,0
2020-07-01,37.470130920410156,37.97586204725149,37.08393738969326,37.470130920410156,4023600,0.0,0
2020-07-02,38.30688496356219,38.849397398906625,37.61725069020881,38.24251937866211,4017500,0.0,0
2020-07-06,39.198814820698416,39.3367395768987,38.21493682762492,39.033302307128906,4679000,0.0,0
2020-07-07,38.380451084733586,38.68388836828787,37.85632576284598,38.33447265625,4535900,0.0,0
2020-07-08,38.15056864186576,38.41722455542534,36.44487015942112,37.10232162475586,4824200,0.0,0
2020-07-09,37.139105260743285,37.25864285484332,36.01729901071543,36.265567779541016,3671900,0.0,0
2020-07-10,36.26557192968957,37.534500168568606,36.249941788539125,37.47932815551758,3007800,0.0,0
2020-07-13,37.79196156477335,38.4724023440618,37.240255479256476,37.92069625854492,3089000,0.0,0
2020-07-14,37.994252164087676,39.24478959183802,37.92069299592313,39.024105072021484,4350800,0.0,0
2020-07-15,40.136719592646195,40.5504973864095,39.129852343789175,39.84247589111328,3788300,0.0,0
2020-07-16,39.71374370189378,40.70222034315759,39.391915729232,40.3022346496582,4259800,0.0,0
2020-07-17,40.522908111267206,40.5964707813605,39.50224886352027,40.15510177612305,4610600,0.0,0
2020-07-20,39.85166804772673,40.159703863686445,38.72986178344181,38.8953742980957,3580900,0.0,0
2020-07-21,39.07927577123091,39.934422556955454,39.03330085420878,39.57581329345703,3399600,0.0,0
2020-07-22,39.483864154309764,40.91830486864287,39.433290687904126,40.771183013916016,5792500,0.0,0
2020-07-23,39.53903240675328,39.72293558459603,38.50917952155977,39.37351989746094,6574300,0.0,0
2020-07-24,39.373524331301375,39.98040243115986,38.895377418130785,39.18042755126953,2999600,0.0,0
2020-07-27,39.36433090080589,40.89991507313243,39.01491517298299,40.45854949951172,4733600,0.0,0
2020-07-28,40.21947356133071,40.47693590858707,39.16203290767964,39.18961715698242,3395400,0.0,0
2020-07-29,39.355135075655646,40.123849701555955,39.29996656946974,40.01718521118164,3186900,0.0,0
2020-07-30,39.226393023624354,39.38271193241507,38.01263711632376,38.371246337890625,4118700,0.0,0
2020-07-31,38.1505709709983,38.545958075448446,37.32300840898303,37.75518035888672,7462100,0.0,0
2020-08-03,37.90230068361394,37.920691351773065,36.854057152172956,36.863250732421875,5079900,0.0,0
2020-08-04,36.817276527574876,38.495387322175795,36.688545355633785,37.9942512512207,5408800,0.0,0
2020-08-05,38.527572414891466,39.060887803004334,38.389644146629365,38.610328674316406,3563600,0.0,0
2020-08-06,38.33447179146271,38.9110085802345,37.75150195142935,38.665496826171875,3724900,0.0,0
2020-08-07,38.23332707859886,39.2309971856175,38.10827193365632,39.198814392089844,2913100,0.0,0
2020-08-10,39.36432885380832,41.27691290670783,39.36432885380832,41.194156646728516,4245900,0.0,0
2020-08-11,41.87459433912575,42.36193477472335,40.77117878918012,40.91830062866211,4373800,0.0,0
2020-08-12,41.58035501402888,41.727476868915964,40.394183085942075,40.71601104736328,2577300,0.0,0
2020-08-13,40.329813466768144,41.258519425325964,40.1918852069815,40.85393524169922,2767100,0.0,0
2020-08-14,40.412572275992325,41.506790812406116,40.30223176578409,41.258522033691406,1998300,0.0,0
2020-08-17,41.470010545535246,41.78264492226131,40.651645017309804,40.88152313232422,3257300,0.0,0
2020-08-18,40.83554378297709,41.40564046425089,40.74359395000629,41.11139678955078,2447100,0.0,0
2020-08-19,41.0930101382646,41.47001010255468,40.68842592291919,41.047035217285156,3453400,0.0,0
2020-08-20,40.47693318419305,40.587273681638855,40.02637059915916,40.173492431640625,3324000,0.0,0
2020-08-21,39.9987905248136,40.33900914023575,39.76891241834915,40.081546783447266,2511600,0.0,0
2020-08-24,40.73440082977255,42.43550096671521,40.476938466247624,42.40791320800781,4609000,0.0,0
2020-08-25,42.67457025943349,42.90444835897959,41.81298688978304,41.920570373535156,4188000,0.0,0
2020-08-26,42.003324773628194,42.90444646311066,41.635518427542536,42.61020278930664,3928500,0.0,0
2020-08-27,42.92283755592405,43.171106315839424,42.122862779082055,42.4446907043457,3702300,0.0,0
2020-08-28,42.398010671392335,43.14494694763044,41.98719660987965,42.99555969238281,3772900,0.7,0
2020-08-31,42.939539540664356,43.05157908605354,42.099234046063124,42.12724304199219,3916800,0.0,0
2020-09-01,41.819135502799895,44.14397488521129,41.520360992302635,44.134639739990234,5428300,0.0,0
2020-09-02,44.51744481914398,46.011317372132794,44.2746883032376,45.955299377441406,7305900,0.0,0
2020-09-03,46.01131810068654,46.49682757851385,44.74152462970329,45.18035125732422,6726900,0.0,0
2020-09-04,46.02065447729624,46.403459528280784,44.890913175814156,45.37641906738281,5325900,0.0,0
2020-09-08,44.52677946033372,45.20369323580137,44.28869586224417,44.75086212158203,4280800,0.0,0
2020-09-09,45.348411076122716,46.571521662071866,45.283054375360166,45.96463394165039,4168100,0.0,0
2020-09-10,46.029988886153255,46.45014163336248,45.43243989531033,45.46978759765625,4211300,0.0,0
2020-09-11,45.94596140624802,47.075702765140214,45.787239003183416,46.54351043701172,6225700,0.0,0
2020-09-14,46.7489157180829,47.15972975526007,46.398789025429984,46.7675895690918,5298900,0.0,0
2020-09-15,47.25309878379457,48.140087113264705,47.04768998535417,47.682586669921875,4771700,0.0,0
2020-09-16,46.86095837050518,47.71059905856155,46.151369793468064,46.40346145629883,5863500,0.0,0
2020-09-17,46.095345905170525,47.85064874924035,45.60983645631406,47.5892219543457,5253700,0.0,0
2020-09-18,47.178405654985056,47.83197622198629,46.91697885285379,47.02901840209961,6271100,0.0,0
2020-09-21,45.787238681948075,46.0580041976361,44.05060959742922,44.7321891784668,6468800,0.0,0
2020-09-22,44.797543368796084,44.960935115076225,44.069280978705805,44.62948226928711,4181900,0.0,0
2020-09-23,44.517446932019936,44.92826101317154,43.38770553759807,43.63979721069336,4018000,0.0,0
2020-09-24,43.574433242986146,43.873211304058444,42.659435893366606,43.33168029785156,4648700,0.0,0
2020-09-25,42.73413346372243,43.32234734744236,42.60342005882315,42.98622512817383,4090200,0.0,0
2020-09-28,43.41571021380382,45.07764378762914,43.41571021380382,44.33070755004883,3993100,0.0,0
2020-09-29,44.09728664048877,44.610805044972764,43.19162451290992,43.48106384277344,2716800,0.0,0
2020-09-30,44.05994696196256,44.928261547957526,43.51841946498383,43.92923355102539,4663200,0.0,0
2020-10-01,44.07861539129157,44.34938088729973,42.883517425011235,43.051578521728516,3407600,0.0,0
2020-10-02,42.36066122399804,44.32137287532096,42.13658213118414,44.1719856262207,4559000,0.0,0
2020-10-05,44.722853219367224,45.64065006990381,44.536118261543265,45.357749938964844,3913400,0.0,0
2020-10-06,45.86192814481112,46.48748969812685,44.685504005126774,44.70417785644531,4474700,0.0,0
2020-10-07,45.23636939295872,45.80590938274755,44.81621664953475,45.096317291259766,4506400,0.0,0
2020-10-08,45.395094601530445,46.132695734469614,45.26064856462842,46.10468673706055,2962000,0.0,0
2020-10-09,46.49682401593007,46.76758951272347,45.469787143388565,46.08600997924805,4472800,0.0,0
2020-10-12,46.12336006053731,46.216725758612746,45.06084174780878,45.357749938964844,3005700,0.0,0
2020-10-13,45.264379149309676,45.7312147472543,44.62948245117116,44.70417785644531,6832200,0.0,0
2020-10-14,44.66683137364147,45.72188085107772,44.27468760858876,45.59116744995117,5322100,0.0,0
2020-10-15,44.70417804655135,45.819914845449865,44.66683034375544,45.75922393798828,2793200,0.0,0
2020-10-16,46.09534785138546,46.67889237296554,45.87126874963565,46.029991149902344,2754300,0.0,0
2020-10-19,46.058002473948406,46.991673683442535,45.50713631787995,45.600502014160156,2903500,0.0,0
2020-10-20,46.07667599644381,46.823615865780205,45.94596258781192,46.06734085083008,2503600,0.0,0
2020-10-21,46.10468358655766,46.41746257516265,45.329734802246094,45.329734802246094,4092500,0.0,0
2020-10-22,46.50616126194883,46.8329447397674,44.02259614550938,45.581825256347656,5244000,0.0,0
2020-10-23,46.23540179990579,46.636880731652596,45.19902611849767,45.311065673828125,3123400,0.0,0
2020-10-26,44.760191925128865,44.94692686027245,43.71168179996693,44.0225944519043,4026400,0.0,0
2020-10-27,43.80784731062525,44.0599389408278,43.31300275597174,43.48106384277344,4141200,0.0,0
2020-10-28,41.95917923335779,42.66877128556752,41.38964283676741,42.18326187133789,6157100,0.0,0
2020-10-29,41.66975027474424,43.56510183573197,41.6137287156732,43.18229675292969,4300100,0.0,0
2020-10-30,42.81816319906866,43.12627285305265,41.76311371137287,42.47270584106445,5165900,0.0,0
2020-11-02,43.18229175557921,44.87223786108087,42.83683441880298,44.648155212402344,3675800,0.0,0
2020-11-03,45.049637153633036,45.777899578246526,44.49877098172272,45.497798919677734,3293500,0.0,0
2020-11-04,44.7695368648647,45.1336680801792,43.184161354359524,43.3690299987793,4542300,0.0,0
2020-11-05,43.78917902674909,46.17003978318433,43.77050517606388,45.72187805175781,4253000,0.0,0
2020-11-06,45.964635146411396,46.51550132561505,44.84516209399695,45.03096389770508,3061500,0.0,0
2020-11-09,48.16810016848621,50.58630886042765,48.12141731808968,48.66294479370117,9208300,0.0,0
2020-11-10,48.859012853143014,50.138141327815205,48.616256360281774,49.914058685302734,6148700,0.0,0
2020-11-11,49.95141170835167,50.049446761873824,48.56957869036253,48.74697494506836,4118500,0.0,0
2020-11-12,48.30815358551017,48.61626325578377,47.187747337380216,47.65458297729492,3467600,0.0,0
2020-11-13,46.93565029193018,48.67227924349716,46.87029359475705,48.522891998291016,3482900,0.0,0
2020-11-16,49.99809394789561,50.36222515986712,48.68161764832846,50.35289001464844,4075600,0.0,0
2020-11-17,49.633963535985174,50.941104711403746,49.3258538753786,50.86640930175781,4795000,0.0,0
2020-11-18,51.02513110195887,52.542346760249735,50.91308799663446,51.632015228271484,5903500,0.0,0
2020-11-19,51.267889808825025,51.80942086047426,50.34355367509291,51.669368743896484,3514000,0.0,0
2020-11-20,51.41727901691449,51.74406255239851,50.679677823480944,51.099830627441406,2871700,0.0,0
2020-11-23,51.61334182876614,52.556351717626164,51.61334182876614,52.22956466674805,4560700,0.0,0
2020-11-24,53.21926117513689,54.32099353352095,52.85512995801682,53.900840759277344,4442800,0.0,0
2020-11-25,53.63941015826316,53.63941015826316,52.43964283096474,52.68706512451172,4158500,0.0,0
2020-11-27,52.85724332252386,52.98959856888136,52.00638301535421,52.375091552734375,2847400,0.7,0
2020-11-30,51.892932007751085,51.996926437651936,49.91704865886392,50.11558151245117,8760600,0.0,0
2020-12-01,51.458049416085146,51.458049416085146,50.011590618543636,50.6071891784668,4328700,0.0,0
2020-12-02,50.40865098011429,50.640272617746795,49.81304887693568,50.295204162597656,3723000,0.0,0
2020-12-03,50.09667639554094,50.94658814322496,49.91704834270094,50.67336654663086,3213800,0.0,0
2020-12-04,50.8719009995553,52.091462477502304,50.86244499377357,52.044193267822266,3294500,0.0,0
2020-12-07,51.93075155089013,51.940203951192004,50.12504015480171,50.304664611816406,3602700,0.0,0
2020-12-08,50.011589465043635,51.68494188308162,49.91704743726124,51.571495056152344,3161500,0.0,0
2020-12-09,51.94019797321522,52.705972140287344,51.382412652945035,51.67548751831055,3219100,0.0,0
2020-12-10,51.6754872041667,52.100917294398286,51.08934108340843,51.458045959472656,3402000,0.0,0
2020-12-11,51.325695414533755,51.47695905970156,50.64500720807377,51.05152893066406,2674800,0.0,0
2020-12-14,51.61876440872148,51.77002804717949,50.13448882934931,50.1628532409668,3121900,0.0,0
2020-12-15,50.909716768087314,51.193339253274424,50.24794058640996,51.17443084716797,2335500,0.0,0
2020-12-16,51.07988876823197,51.155522392586114,50.33302656298815,50.890811920166016,1948800,0.0,0
2020-12-17,51.24060841677967,51.36351125315031,50.65918665038872,50.890811920166016,2222300,0.0,0
2020-12-18,52.10091922959989,52.70597377755435,51.27842342887489,52.620887756347656,11536700,0.0,0
2020-12-21,51.09879629513733,52.186006184859046,50.79626901574531,52.07255935668945,4458800,0.0,0
2020-12-22,52.00637601016748,52.252181668644575,51.467499090349335,51.684940338134766,2268300,0.0,0
2020-12-23,52.01583240047569,52.72488136404857,51.74166593568923,51.76057434082031,2251600,0.0,0
2020-12-24,51.92129247822833,51.96667193109942,51.3682351297746,51.79839324951172,1074700,0.0,0
2020-12-28,52.25218142493893,52.72488072828767,51.22169679938229,51.32569122314453,3668200,0.0,0
2020-12-29,51.52422234383192,51.826749599356354,50.90971182744266,51.36350631713867,2222000,0.0,0
2020-12-30,51.382416004693305,52.620889554259435,51.3351467927211,52.44126510620117,3790000,0.0,0
2020-12-31,52.44125894840538,53.03685744085583,52.1009148919141,52.46961975097656,2663500,0.0,0
2021-01-04,52.77214853098529,53.05671226341287,50.72063534020026,51.08934020996094,4852800,0.0,0
2021-01-05,51.18388092124812,53.10303897372635,51.051525690926795,52.75324249267578,3112800,0.0,0
2021-01-06,53.84045725364579,55.97705675134067,53.462296327096844,55.239646911621094,6208400,0.0,0
2021-01-07,55.778520209061845,56.50647760049164,54.93238798668065,55.31527328491211,4437600,0.0,0
2021-01-08,55.18292182230573,55.646168778112354,54.59677563052602,55.03165817260742,4063500,0.0,0
2021-01-11,54.54950167385446,55.73124996138853,54.124071569060284,55.64616394042969,3455900,0.0,0
2021-01-12,56.08104371361958,57.867846460330256,55.778516455256366,57.707130432128906,6235000,0.0,0
2021-01-13,57.43296938760986,57.962393942823724,56.402484689732155,56.752281188964844,3236300,0.0,0
2021-01-14,56.922449170242494,57.19661563136915,56.17558340637725,56.393028259277344,3578800,0.0,0
2021-01-15,55.41927139412942,55.60835185749234,54.010629335215924,54.18080139160156,6692900,0.0,0
2021-01-19,54.60622480787584,55.02220252480189,53.254308047095186,54.407691955566406,4919300,0.0,0
2021-01-20,54.71021806663564,55.42872304973093,54.10516351649831,55.37199783325195,3724400,0.0,0
2021-01-21,55.315270561271205,55.56107621713642,54.18079512512532,54.417144775390625,3442000,0.0,0
2021-01-22,53.87827230228501,54.62986252100293,53.76482186419155,54.36042404174805,2621500,0.0,0
2021-01-25,53.75536708824923,54.284788016979405,52.620888002326645,54.10516357421875,3682400,0.0,0
2021-01-26,54.72913063219989,55.06947474412478,52.65870875986996,52.69652557373047,3060300,0.0,0
2021-01-27,51.656580522779976,52.07255822773265,49.78469166972162,51.420230865478516,6283500,0.0,0
2021-01-28,51.18388078967988,51.85511294538948,50.10612693822288,51.4107780456543,5817000,0.0,0
2021-01-29,50.90971319824389,51.71803217537336,48.93382997879182,49.06618881225586,8895400,0.0,0
2021-02-01,49.529433595979924,49.95486370030922,48.527313357348206,49.86977767944336,4128300,0.0,0
2021-02-02,50.635548025938384,51.87401782786625,49.98322071331692,51.62821578979492,5229500,0.0,0
2021-02-03,51.34460411353351,52.37036082587253,51.08840115529032,52.327816009521484,3984200,0.0,0
2021-02-04,52.441263804623794,53.29212041823458,51.826753245007986,53.26375961303711,4312200,0.0,0
2021-02-05,53.641917103274075,54.67240170140664,53.358294643685234,54.11461639404297,3732500,0.0,0
2021-02-08,54.59676974287144,55.07892144728701,54.086253627789425,54.21860885620117,2543200,0.0,0
2021-02-09,54.360423694258074,54.374604097326674,53.29212218403706,53.50956344604492,4209500,0.0,0
2021-02-10,53.88772188679815,55.1923730054311,53.396114166640665,54.52113723754883,3453000,0.0,0
2021-02-11,54.653496075075886,54.77639530030808,53.59464701331689,54.52113723754883,2326500,0.0,0
2021-02-12,54.41714826956914,55.0883804538848,54.30842583664577,54.97493362426758,1975100,0.0,0
2021-02-16,55.68397889591734,56.114133382915085,55.34363482342142,55.54216766357422,4072700,0.0,0
2021-02-17,55.38145236906414,55.693432035392796,54.46441456225025,55.34363555908203,3277800,0.0,0
2021-02-18,55.11673772058662,55.46180979679412,53.98225867803128,54.417144775390625,3112600,0.0,0
2021-02-19,54.596772771765764,57.224979900061136,54.596772771765764,57.09262466430664,4037100,0.0,0
2021-02-22,57.31006235337754,59.14413795287772,56.91299667085243,59.068504333496094,5672600,0.0,0
2021-02-23,59.50339129772851,59.5317557103331,58.15147090415803,58.72816467285156,4147200,0.0,0
2021-02-24,58.61471802354954,60.48660697282276,58.56083104904822,60.212440490722656,4668600,0.0,0
2021-02-25,59.724925845804506,60.06618598600962,58.42967540127694,58.644752502441406,3260300,0.7,0
2021-02-26,58.166804176634464,58.3579858611833,56.207200114605385,56.6947135925293,6399700,0.0,0
2021-03-01,58.45357560796512,59.524187882897934,57.899149115106155,58.826377868652344,4083800,0.0,0
2021-03-02,59.466838203300185,61.21614578086988,59.074917371468516,59.96390914916992,7316000,0.0,0
2021-03-03,59.74404208631401,60.59479666218521,59.275647191903055,59.50506591796875,5390300,0.0,0
2021-03-04,59.323448117312466,59.85875242569032,57.4403146558021,58.50136947631836,6050400,0.0,0
2021-03-05,59.38080163228108,60.26023589228304,58.07121315498749,60.13596725463867,3883800,0.0,0
2021-03-08,60.38450247342314,61.435996260136285,59.75360547209779,60.64259719848633,4437600,0.0,0
2021-03-09,60.86245104249992,60.90068810599846,59.180060359921846,59.514625549316406,5823200,0.0,0
2021-03-10,59.85875005928884,61.61761481689794,59.619773889214166,61.2639274597168,4238500,0.0,0
2021-03-11,61.49336007114028,62.39190566098568,61.38820995536447,61.48379898071289,3651800,0.0,0
2021-03-12,61.82791819971373,62.18160557512199,61.06319514536249,61.502906799316406,2690800,0.0,0
2021-03-15,61.24481826757724,61.45511848366568,59.696253562574334,60.12641143798828,5353300,0.0,0
2021-03-16,59.92566332791935,61.01539773074106,59.13226433636339,60.39405822753906,6461600,0.0,0
2021-03-17,60.680832219326604,63.328688776306876,60.394061527750196,63.099273681640625,5138900,0.0,0
2021-03-18,63.14706252199472,64.30370634068362,61.78011850118527,61.866153717041016,4203500,0.0,0
2021-03-19,61.86616120163385,61.942635337652135,59.89699595701329,61.09187698364258,6445800,0.0,0
2021-03-22,60.986720231686775,60.986720231686775,59.64845581541952,60.70950698852539,4631100,0.0,0
2021-03-23,59.90654811314825,59.92375588617978,57.736647569223734,58.07121276855469,5523500,0.0,0
2021-03-24,58.88372851347623,60.62347478911391,58.69541662803772,59.30432891845703,4322600,0.0,0
2021-03-25,58.75946793386039,60.51833287313539,58.549167715597804,60.451419830322266,3921200,0.0,0
2021-03-26,60.594805147490234,61.31173375292005,60.30803443461579,61.16835021972656,4256300,0.0,0
2021-03-29,60.81466153230423,62.24852235939489,60.69995397887243,61.08231735229492,3193700,0.0,0
2021-03-30,60.91025077241695,61.93306854532335,60.68083203197185,61.76100540161133,2605100,0.0,0
2021-03-31,61.435994918822985,62.095571528413224,60.70950891510751,61.120548248291016,3643800,0.0,0
2021-04-01,61.13010986684399,61.86615696643827,60.68083346471166,61.75144577026367,3698900,0.0,0
2021-04-05,62.13380292088062,62.344103113027096,61.41687442563968,61.741878509521484,4077900,0.0,0
2021-04-06,61.40731947471443,62.50661140255372,61.30216936813135,61.75144577026367,3420300,0.0,0
2021-04-07,61.64629897685898,62.10513649324302,60.85289988302346,61.16835021972656,2374000,0.0,0
2021-04-08,61.04407591655688,61.20657796841391,59.858752460974024,60.40361785888672,3638900,0.0,0
2021-04-09,60.40362184132926,60.757309236020035,59.782285921132704,60.35582733154297,3721000,0.0,0
2021-04-12,60.79554098488999,61.32129151755018,60.50877028756723,60.97716522216797,3143800,0.0,0
2021-04-13,60.7859817772279,60.87201334857604,59.696250971142966,60.51832962036133,4471600,0.0,0
2021-04-14,60.78598222557027,61.92350754713047,60.56612457416724,61.407318115234375,4234400,0.0,0
2021-04-15,62.019098835788014,62.057335901734895,60.98672358063343,61.72277069091797,2632500,0.0,0
2021-04-16,62.39189930351881,62.621321692548065,61.42644076500809,61.827919006347656,3698800,0.0,0
2021-04-19,61.94263143318224,62.172046533801186,61.12054910875463,61.70365524291992,2566600,0.0,0
2021-04-20,61.17790550284127,61.22570365870522,59.533748125576466,59.72492980957031,4532200,0.0,0
2021-04-21,59.70581407589046,62.15292807698767,59.62456304149192,61.96175003051758,4283500,0.0,0
2021-04-22,61.17790187769754,61.22570003072918,58.04253557334142,58.2432746887207,12028900,0.0,0
2021-04-23,58.40577671752907,59.73448733646715,57.78444083971789,59.37124252319336,5682300,0.0,0
2021-04-26,59.610220002736774,60.04993530674722,59.199180673970034,59.457275390625,4871600,0.0,0
2021-04-27,59.52419107574536,60.07861395185613,58.998444176152645,59.88743591308594,3781300,0.0,0
2021-04-28,60.25067381700761,61.24003871075473,59.93522715305588,60.51832962036133,5584300,0.0,0
2021-04-29,61.00584109618775,61.8374808574699,60.63781937042678,61.23525619506836,4366000,0.0,0
2021-04-30,60.65215547478083,60.90068909859797,59.552863583446715,59.74404525756836,4932300,0.0,0
2021-05-03,60.39406309481159,62.16726963546678,60.33670749641321,61.70365524291992,6327800,0.0,0
2021-05-04,61.416880948151,63.34780535815682,60.986723076026024,63.30001449584961,7367200,0.0,0
2021-05-05,63.558104422262275,65.22616082695093,63.22353922026905,65.06843566894531,7467100,0.0,0
2021-05-06,65.02063954989077,66.04345736684446,64.20812195019433,65.99566650390625,4670600,0.0,0
2021-05-07,65.33608987577665,66.26331867387923,64.79122444605318,65.99566650390625,5174900,0.0,0
2021-05-10,66.67435277528233,67.48687031108163,65.63242015368684,65.69933319091797,5039000,0.0,0
2021-05-11,64.8485655122368,65.86182936228474,64.23678714272313,65.54637908935547,5693400,0.0,0
2021-05-12,65.71845550014463,66.05302072409583,64.42798546891859,64.6191635131836,4886200,0.0,0
2021-05-13,64.48533930640195,65.57507023507449,64.3515132129141,65.0780029296875,3068400,0.0,0
2021-05-14,65.47947651407368,66.951570729839,65.35521151988279,66.7508316040039,4817200,0.0,0
2021-05-17,66.51184817343942,67.94570516732686,66.40669807711645,67.783203125,3607500,0.0,0
2021-05-18,67.86923911025434,68.23248029973976,66.44494303574811,66.46405792236328,3523800,0.0,0
2021-05-19,65.4794769296246,65.87140138705747,64.30371085030059,65.52727508544922,4398500,0.0,0
2021-05-20,65.4412390701877,65.68977635010825,64.86769767211877,65.25006103515625,3126500,0.0,0
2021-05-21,65.65154232499303,66.53097299562566,65.52727732576503,65.79492950439453,3855700,0.0,0
2021-05-24,66.52140695661161,66.92289248766184,66.0482387806559,66.4831771850586,3420100,0.0,0
2021-05-25,66.3971447588657,67.34348844354865,65.91919237163549,65.99566650390625,4419400,0.0,0
2021-05-26,65.79492893987727,66.56920949183717,65.20226534015777,66.5022964477539,6059200,0.0,0
2021-05-27,66.93682054367372,67.5548171461197,65.89394851438338,66.29951477050781,6256600,0.7,0
2021-05-28,66.70506975580156,66.7919720696064,65.38216694233766,66.06775665283203,3815200,0.0,0
2021-06-01,66.7919820228193,68.10522676363537,66.48298369363324,67.9893569946289,4139100,0.0,0
2021-06-02,67.9024392925696,67.9024392925696,66.49263412148242,66.57953643798828,4797800,0.0,0
2021-06-03,66.96578819105724,68.26937454816407,66.08804235229684,68.1824722290039,4322500,0.0,0
2021-06-04,68.55906774158329,68.69425404635355,67.47756993632024,67.95072937011719,3041900,0.0,0
2021-06-07,67.95072944015806,68.04729003407904,66.52160760198383,66.85957336425781,2803900,0.0,0
2021-06-08,66.64713457967744,67.3230734605993,65.9615447964874,66.99475860595703,3469400,0.0,0
2021-06-09,66.86922799810618,67.1202914223313,66.1160450925315,66.47332000732422,3379200,0.0,0
2021-06-10,67.58378330199265,67.7575953035728,65.61391640645105,65.65254211425781,4022000,0.0,0
2021-06-11,66.11604378935334,66.64713070012616,65.50769809522556,65.66220092773438,2726100,0.0,0
2021-06-14,65.49805161690072,65.83601737696245,64.33930239613065,64.657958984375,3712800,0.0,0
2021-06-15,64.60968702870535,65.10698111873695,64.1558441037208,64.90902709960938,3255000,0.0,0
2021-06-16,64.70623936011893,64.81245821695013,62.95846104041486,63.335052490234375,5428800,0.0,0
2021-06-17,63.5088634049703,63.53783821123642,60.187133561870326,61.355533599853516,5696100,0.0,0
2021-06-18,60.39956649086731,60.882376780456255,59.752602470922206,59.84916305541992,8745300,0.0,0
2021-06-21,60.969282685176296,61.75047158902652,60.631316956409314,60.94031524658203,5260000,0.0,0
2021-06-22,61.27828408092238,61.625908095871765,60.525101170898964,61.31690979003906,4019100,0.0,0
2021-06-23,61.79972278054999,62.06043711950597,60.93066270552829,60.978946685791016,3254400,0.0,0
2021-06-24,61.58727926552174,61.63556324124574,60.602345834264874,60.94031524658203,4253700,0.0,0
2021-06-25,61.07550240508553,61.67418614035001,60.940316111659705,61.11412811279297,4259700,0.0,0
2021-06-28,61.12378341498802,61.12378341498802,60.032631102528875,60.7375373840332,2727000,0.0,0
2021-06-29,61.104470447226845,61.61625187052649,60.42853897342587,60.81478500366211,2652900,0.0,0
2021-06-30,60.68925594281442,61.432784279995616,60.59269535192873,61.10447311401367,3356500,0.0,0
2021-07-01,62.012157819937826,62.20527899842049,61.2396583718057,61.31690979003906,3324700,0.0,0
2021-07-02,61.15275646372275,61.57762821621831,60.6409750233538,61.32656478881836,3172800,0.0,0
2021-07-06,61.220351617415325,61.26863191394181,59.29393573911905,59.80088806152344,3727000,0.0,0
2021-07-07,59.57879176140454,60.34163291951671,58.9936266502157,60.10988235473633,3424300,0.0,0
2021-07-08,58.90285896062202,59.88779245412076,58.56489321049763,59.298763275146484,4251300,0.0,0
2021-07-09,60.09057427947322,61.48106672808503,59.965042560086225,60.911354064941406,5063200,0.0,0
2021-07-12,60.40922604348156,61.41346866767421,59.84433519315726,61.04653549194336,3100400,0.0,0
2021-07-13,61.239662730796276,61.50038076056602,60.17748143933493,60.54441833496094,3074500,0.0,0
2021-07-14,60.776162563649656,61.45692689200584,60.03263421893707,60.1774787902832,2571700,0.0,0
2021-07-15,59.67535158055989,60.56372443665144,59.56913272654946,59.78157043457031,2745800,0.0,0
2021-07-16,59.1925432685035,59.59810584434429,57.74411233852274,57.94689178466797,6961300,0.0,0
2021-07-19,56.14118459923005,56.469495771066796,55.09348706687989,55.803218841552734,7815400,0.0,0
2021-07-20,56.14118544051007,57.15508641228589,55.64678665311308,56.60468292236328,6771700,0.0,0
2021-07-21,57.47373804641529,57.98551578115916,57.02472432403899,57.676517486572266,7428300,0.0,0
2021-07-22,56.54674414792853,58.79663824981351,56.005995281204314,58.400733947753906,7111300,0.0,0
2021-07-23,58.748359653648734,59.17323140749786,57.74411330795037,58.04345703125,4690500,0.0,0
2021-07-26,58.13036463890743,59.9071068058515,58.13036463890743,59.878135681152344,6534300,0.0,0
2021-07-27,59.395322629425095,60.27403724501058,58.76767143746423,59.82019805908203,3568500,0.0,0
2021-07-28,59.70432459952086,60.15816378532229,58.960796281379814,59.74294662475586,4113600,0.0,0
2021-07-29,60.293350121989526,60.766505846043685,59.87813296115129,60.44784927368164,3708600,0.0,0
2021-07-30,60.34163632041709,61.0513644072916,59.54499854374516,60.022979736328125,4646800,0.0,0
2021-08-02,60.158163762105275,61.403815243323834,59.08632428680327,59.11529541015625,3714500,0.0,0
2021-08-03,59.047703974967845,60.129198067068955,58.08690878006354,60.090572357177734,4819700,0.0,0
2021-08-04,59.617419206509815,60.06160381143479,58.88354546628124,58.89320373535156,3340100,0.0,0
2021-08-05,59.18288960232883,59.67535450540939,58.80629814405245,58.90285873413086,3037100,0.0,0
2021-08-06,59.49188921583587,60.22575929376082,59.43395065038766,59.86848068237305,3141600,0.0,0
2021-08-09,59.59810341681932,60.08573915789442,59.25047941841516,59.694664001464844,3178100,0.0,0
2021-08-10,59.88778907612566,61.38450024497599,59.81053766128296,60.94997024536133,3560000,0.0,0
2021-08-11,61.23965881290082,62.08940968538686,61.04653763302715,62.03146743774414,3583600,0.0,0
2021-08-12,62.14734533012182,62.39840876072542,61.126685074066366,61.80937957763672,3581400,0.0,0
2021-08-13,61.77075777235583,61.89628581204194,61.17207028218084,61.50038146972656,2384500,0.0,0
2021-08-16,61.02722348165586,61.40864406583781,60.00366430574164,61.143096923828125,3163400,0.0,0
2021-08-17,60.53475698490788,60.713398130535126,59.03804571999046,60.167823791503906,3974300,0.0,0
2021-08-18,59.781572878310214,60.66994577071651,59.588448016174034,59.75260543823242,4574000,0.0,0
2021-08-19,58.94148612873361,59.27945188722098,58.08208432839385,58.46833038330078,3981600,0.0,0
2021-08-20,58.33314103692948,59.00907620219426,58.246235034487576,58.79663848876953,3203600,0.0,0
2021-08-23,59.38566563914894,60.274034804183344,59.34703993191697,59.926414489746094,3439900,0.0,0
2021-08-24,60.312663536128085,61.34587731332354,60.312663536128085,61.08515930175781,2896000,0.0,0
2021-08-25,61.12378325908476,61.97353041869842,60.66028581299102,61.67418670654297,3246700,0.0,0
2021-08-26,61.645220436664474,62.34046477721855,61.28794183918875,61.461753845214844,3618500,0.0,0
2021-08-27,61.983191078687426,63.59095032417936,61.91559792874636,63.13227462768555,5347900,0.0,0
2021-08-30,63.44462097571944,63.764775153457116,62.41974707387173,62.44902801513672,3925000,0.7,0
2021-08-31,62.17572685621856,62.35141994373193,61.189893007013985,61.39487075805664,5450000,0.0,0
2021-09-01,61.32654906173173,61.492479361658546,60.330956091923554,61.043487548828125,3949200,0.0,0
2021-09-02,61.25821994395337,61.84386483175286,60.92635562455837,61.1215705871582,3414600,0.0,0
2021-09-03,60.955638716273704,61.32166536542257,60.19430075412145,60.6335334777832,3690400,0.0,0
2021-09-07,60.49688715600335,60.80922961438856,60.16502282854209,60.38951873779297,2514300,0.0,0
2021-09-08,60.35047902416926,60.62377774576597,59.06206172263209,59.237754821777344,4629000,0.0,0
2021-09-09,58.80828162060089,59.72578708055906,58.63258853116402,58.837562561035156,4439100,0.0,0
2021-09-10,59.39392459189137,59.96980668639812,58.896129972159095,58.964454650878906,4092600,0.0,0
2021-09-13,59.803874780682825,60.116217224556586,58.7741195061124,59.26703643798828,4549200,0.0,0
2021-09-14,59.77459414614812,59.833156027539474,58.097701778972436,58.22264099121094,4493600,0.0,0
2021-09-15,58.320246793800855,59.21823039652446,58.24215932047758,58.75947952270508,5167600,0.0,0
2021-09-16,58.700917163820925,58.87661026509829,57.65652135256987,58.04695129394531,4650700,0.0,0
2021-09-17,57.39298076721314,57.754126036891435,56.094808121572655,56.368106842041016,9622900,0.0,0
2021-09-20,54.91375803712868,55.76294256863901,53.98649347779408,54.83567428588867,7683900,0.0,0
2021-09-21,55.23586584205059,55.49940549609041,53.88888662920792,54.201229095458984,6156400,0.0,0
2021-09-22,54.913760826118846,55.61653324005032,54.90888315126693,54.95280456542969,6823800,0.0,0
2021-09-23,55.41155647131482,56.656044882522444,55.24562244910436,56.055763244628906,7814100,0.0,0
2021-09-24,55.83126679775276,55.96791615388439,55.38227499234434,55.450599670410156,7964900,0.0,0
2021-09-27,55.51892692501277,58.9351758805085,55.51892692501277,58.26168441772461,12374000,0.0,0
2021-09-28,58.71067709882288,59.193831242079966,57.724843220434096,58.03718566894531,6681800,0.0,0
2021-09-29,58.03718334614198,58.1738326964696,57.36369566663488,57.412498474121094,4578800,0.0,0
2021-09-30,57.510105032896945,57.75412279774817,56.172888724068606,56.18265151977539,4929000,0.0,0
2021-10-01,56.29001728885098,57.597952682489556,55.88006922327348,57.178245544433594,6925300,0.0,0
2021-10-04,57.17824646194132,57.588194534097035,56.2997809881566,56.84638214111328,5652900,0.0,0
2021-10-05,56.865898798741384,58.022544355063516,56.70972757675581,57.68579864501953,5646200,0.0,0
2021-10-06,56.9635109688067,57.168485009702714,54.952803127888586,55.7922248840332,8699100,0.0,0
2021-10-07,56.50475366596026,58.04694774432944,56.407148048292996,57.10991668701172,7235900,0.0,0
2021-10-08,57.40274316436571,57.87125684908939,57.00255415928409,57.30513381958008,4259000,0.0,0
2021-10-11,57.83221331056176,58.349529807753896,56.81709846178612,56.83662033081055,4139000,0.0,0
2021-10-12,56.63164373893184,56.97326712292379,56.124086337418355,56.35834503173828,5443800,0.0,0
2021-10-13,56.53403650518905,56.66092679115044,55.29442948083871,55.5482063293457,7689800,0.0,0
2021-10-14,56.05576101271399,57.37345544821341,55.77269951301199,57.334415435791016,6430400,0.0,0
2021-10-15,58.046946883168914,58.300723719388266,57.432021075424124,57.54914855957031,4281500,0.0,0
2021-10-18,56.3193017213168,57.968860496147315,56.22169237985556,57.539390563964844,4660100,0.0,0
2021-10-19,57.676041687310814,57.85173478391326,57.139203324765916,57.77364730834961,3650600,0.0,0
2021-10-20,57.74436627754869,59.15771905105886,57.530608701842475,58.4568977355957,5875300,0.0,0
2021-10-21,58.63259129075121,59.70626802258494,56.57308065252095,57.84197235107422,8916600,0.0,0
2021-10-22,58.212878075327964,58.7497164196638,56.98303016424195,57.0025520324707,5889500,0.0,0
2021-10-25,57.822454038404466,58.11039322783656,57.207528198210234,57.30513381958008,6293200,0.0,0
2021-10-26,57.30513381958008,58.33000773762661,56.78781732417148,57.30513381958008,6875200,0.0,0
2021-10-27,57.178245961106896,57.178245961106896,54.56237515476719,54.65998077392578,11512700,0.0,0
2021-10-28,54.90399667257516,55.49940061001536,54.86495293687715,55.216339111328125,5974400,0.0,0
2021-10-29,54.786870380487976,55.29442778535459,54.328115784597536,54.630699157714844,5894900,0.0,0
2021-11-01,54.66974302402622,56.59260436522094,54.66974302402622,56.06552505493164,7562000,0.0,0
2021-11-02,56.260736293882374,57.33441671284835,55.870310097053014,57.07087707519531,5929500,0.0,0
2021-11-03,57.09039979450886,58.159195108047705,56.69996986844429,57.63699722290039,6234300,0.0,0
2021-11-04,57.58819477603316,57.60283524675512,55.4359562179266,55.80198287963867,9047900,0.0,0
2021-11-05,55.87031140466696,57.33929572936977,55.87031140466696,56.91470718383789,4977600,0.0,0
2021-11-08,57.51986992406419,58.25192324528671,56.900062693649645,57.16848373413086,4894100,0.0,0
2021-11-09,57.139202898415434,57.705322198364655,56.997672142574196,57.38322067260742,4447800,0.0,0
2021-11-10,57.43202271563719,57.87125544799904,57.0903993256978,57.35393524169922,5103900,0.0,0
2021-11-11,57.66628522256884,58.544747021894295,57.60771961324743,58.25192642211914,4140400,0.0,0
2021-11-12,58.35928980319752,59.101102173445895,58.03718456487656,58.62282943725586,3499400,0.0,0
2021-11-15,59.052302385051675,59.364644843595215,58.34952999162081,58.48617935180664,3470400,0.0,0
2021-11-16,58.53498523535208,58.55450710422096,57.43202384646315,57.45154571533203,4004700,0.0,0
2021-11-17,57.2758531269316,57.568673715730334,56.77805477489954,56.94398880004883,3342400,0.0,0
2021-11-18,56.95374703957708,56.97326890833348,56.29001839552247,56.59260177612305,3801500,0.0,0
2021-11-19,56.07528299336133,56.143607669507354,54.689260155651304,55.96791458129883,7424300,0.0,0
2021-11-22,56.18265367039273,57.8712562209914,56.03624151651125,57.38322067260742,5309200,0.0,0
2021-11-23,57.92005671835708,58.29096476287469,57.42226211718565,57.763885498046875,5279400,0.0,0
2021-11-24,57.490590430336,57.94934132459754,57.18800704284856,57.22705078125,3307100,0.0,0
2021-11-26,55.284667565981266,56.387628972639966,54.64046077659268,56.22169494628906,4317500,0.0,0
2021-11-29,57.20977778636393,57.68405527211879,55.70789719686232,56.18217468261719,4564300,0.7,0
2021-11-30,55.589323951959706,55.8165854432514,53.76137927445005,54.27518081665039,10398200,0.0,0
2021-12-01,54.828505277612166,55.13480735480241,52.07176396756648,52.131046295166016,9113300,0.0,0
2021-12-02,51.87414935049005,52.83752490216734,51.44927506379587,52.546043395996094,7333300,0.0,0
2021-12-03,52.36818599966561,53.178410462650966,52.10140422245499,52.43735122680664,6969100,0.0,0
2021-12-06,53.71197506924274,54.065705270804386,53.19817353668576,53.23769760131836,6066400,0.0,0
2021-12-07,53.800904286368144,54.71981809176722,53.62304975827656,54.206016540527344,5806900,0.0,0
2021-12-08,54.65064997147487,54.81862158955746,54.126965546792604,54.25541687011719,5013700,0.0,0
2021-12-09,53.59340570945731,53.929352714528186,53.08454186694148,53.741615295410156,5607700,0.0,0
2021-12-10,54.492558431999264,54.60124395600078,53.63786843737594,54.028160095214844,3628300,0.0,0
2021-12-13,53.81078140452051,53.99851882671507,52.4343895896896,52.68437194824219,5398800,0.0,0
2021-12-14,52.61520677563286,53.85030552623457,52.5045424100394,53.23769760131836,4048700,0.0,0
2021-12-15,53.1487703499335,53.42543126396624,52.22985657778506,53.395790100097656,4955200,0.0,0
2021-12-16,53.78114031755951,54.70005408988362,53.623047828193116,53.94911193847656,5605900,0.0,0
2021-12-17,53.87994859708519,54.01334137763585,52.743659967848004,53.455074310302734,10324000,0.0,0
2021-12-20,52.466992413105004,52.95115277252678,51.84450536856268,52.87210464477539,6251000,0.0,0
2021-12-21,53.524237665780895,54.15661139245934,53.25745965247215,53.55388259887695,4422000,0.0,0
2021-12-22,53.47483350542359,53.73173615177208,53.000556045882746,53.58352279663086,3729600,0.0,0
2021-12-23,53.85030747954633,55.03896568578204,53.70209411640908,54.4826774597168,6240200,0.0,0
2021-12-27,54.650650043232325,55.22373389480903,54.512315819119955,55.20397186279297,3249000,0.0,0
2021-12-28,55.34230240719571,56.320502262850354,55.243496016177836,55.95491409301758,4748100,0.0,0
2021-12-29,55.99443726883595,56.429194457816386,55.88575174081325,56.379791259765625,3580900,0.0,0
2021-12-30,56.51812168149718,57.14061253031338,56.04878187729529,56.103126525878906,3678700,0.0,0
2021-12-31,56.162410740777176,56.31161163530911,55.6239057235762,56.04384231567383,3093900,0.0,0
2022-01-03,56.51811880876602,57.20977485349237,56.113006574875506,56.19205093383789,5231900,0.0,0
2022-01-04,56.56752401133476,58.00023934712571,56.41931065034102,57.71369552612305,9068000,0.0,0
2022-01-05,58.08916466868865,58.87962710605463,57.61982488737414,57.6544075012207,6706300,0.0,0
2022-01-06,57.792742712898,58.158330889694646,56.55764395553691,57.54572296142578,5820800,0.0,0
2022-01-07,57.93107508052055,58.80552337110324,57.73345851898329,58.395469665527344,4633100,0.0,0
2022-01-10,58.138568865941,58.593084304104316,57.29376176808669,57.70381546020508,5544300,0.0,0
2022-01-11,58.34606649182937,58.761061648153266,57.713696510023816,58.474517822265625,5720400,0.0,0
2022-01-12,58.805523374511814,59.42307277358754,58.18797397543608,58.55356216430664,3742400,0.0,0
2022-01-13,58.59308625594002,59.50903745488932,58.501196382852775,59.22545623779297,4482600,0.0,0
2022-01-14,58.99819857214382,60.10484981075314,58.58320718458213,60.01592254638672,6791200,0.0,0
2022-01-18,60.035678857228426,60.42004153096632,58.859866194832016,59.482357025146484,4796900,0.0,0
2022-01-19,60.03567882673292,60.19377131713635,58.68201164207712,59.12664794921875,4351100,0.0,0
2022-01-20,59.185934915785325,59.33414450752762,57.08132554388812,57.120849609375,5765700,0.0,0
2022-01-21,56.99239725494521,57.08132451607829,55.865987793407655,56.04384231567383,6189500,0.0,0
2022-01-24,55.03600312216382,56.14265058837073,53.949113919783855,55.94503402709961,8872700,0.0,0
2022-01-25,55.22373681686281,56.77502060459507,53.98765048340355,56.49835968017578,5644100,0.0,0
2022-01-26,56.745379451904334,57.55560396149836,55.9746790084423,56.53788375854492,6126000,0.0,0
2022-01-27,58.039764433478325,60.55936523013269,58.039764433478325,59.46259689331055,11664200,0.0,0
2022-01-28,59.98627565229331,60.37162586221714,58.36582668275601,59.32426452636719,6971900,0.0,0
2022-01-31,58.79070187173075,59.33414458056615,57.585244257453354,59.01795959472656,8056100,0.0,0
2022-02-01,59.087124942495144,61.25102041959651,58.98831854768184,61.07316589355469,6659400,0.0,0
2022-02-02,60.974356658852976,61.74506087318825,60.39138987443564,60.92495346069336,5463400,0.0,0
2022-02-03,60.76685998371914,61.700594359979966,60.42597151424469,60.480316162109375,5363800,0.0,0
2022-02-04,60.47043603095704,60.98423756731761,59.8183040365806,59.877586364746094,4994600,0.0,0
2022-02-07,60.203653248899215,60.37162486821434,59.017957705347996,59.1958122253418,6214400,0.0,0
2022-02-08,59.66021253910092,60.440792103642934,59.66021253910092,60.36174774169922,5595500,0.0,0
2022-02-09,60.75697902694689,61.48815537207253,60.51983840982204,61.25101852416992,5515900,0.0,0
2022-02-10,61.15220827121824,61.71541299566766,59.98627475798768,60.22341537475586,6537200,0.0,0
2022-02-11,60.075203920055735,61.171972240039686,59.63056760530247,60.36174774169922,6040400,0.0,0
2022-02-14,60.371624965544264,60.63840674596506,59.40824945504327,60.1048469543457,4472000,0.0,0
2022-02-15,60.09496693128602,61.27077963235773,59.986277633774215,61.1225700378418,4076800,0.0,0
2022-02-16,60.91507247101056,62.16005036508779,60.88542753764094,61.33994674682617,5613600,0.0,0
2022-02-17,60.62852951058666,61.36464732802212,59.902290824932514,60.440792083740234,3927800,0.0,0
2022-02-18,60.02579878683939,60.58900351095591,59.47247319418885,59.867706298828125,5078300,0.0,0
2022-02-22,60.19377326268156,60.312345461233264,59.225456256510405,59.5811653137207,5664000,0.0,0
2022-02-23,60.14436910993273,60.460554095940545,59.16123153685288,59.25510025024414,5155100,0.0,0
2022-02-24,58.187972079612834,58.26702020934581,56.83430489632496,58.02000045776367,8108500,0.0,0
2022-02-25,58.41999816894531,60.14500045776367,58.31999969482422,59.650001525878906,5443500,0.7,0
